Gonzalez,Lori,Staff Engineer,lori.gonza@singh.net,(649)466-5944x3646
Brown,Natasha,Staff Engineer,natas.brown@contreras.com,(815)421-0430
Hayes,Stephanie,Staff Engineer,steph.hayes@miller.biz,001-545-414-0342x32828
Fisher,Dorothy,Staff Engineer,dorot.fishe@johnson-reyes.com,+1-836-751-6902x946
Carson,Ronald,Staff Engineer,ronal.carso@keller.info,001-612-383-3642x3951
Fisher,Eric,Staff Engineer,eric.fishe@butler.com,001-610-356-1792
Mcfarland,Laura,Staff Engineer,laura.mcfar@landry-smith.com,3452382917
Velazquez,Sara,Staff Engineer,sara.velaz@phillips.net,841-312-6596x7353
Wilson,Michael,Staff Engineer,micha.wilso@duncan.com,220-630-0505x2281
Lewis,Amy,Staff Engineer,amy.lewis@smith.biz,695.291.9187x5677
Peterson,Roy,Senior Engineer,roy.peter@long-daniel.com,453.518.9597x143
Chavez,Andrew,Senior Engineer,andre.chave@young-silva.org,+1-227-984-5364x619
Dodson,Kenneth,Senior Engineer,kenne.dodso@mills.com,503-427-5998
Hood,Jeremy,Senior Engineer,jerem.hood@becker.org,(268)374-0880x68418
Chambers,Michelle,Senior Engineer,miche.chamb@clayton.com,(733)695-9269
Brown,Kathryn,Senior Engineer,kathr.brown@cook.info,206-459-0061
Carney,Paul,Senior Engineer,paul.carne@williams.com,760.255.4236x1186
Miller,Veronica,Senior Engineer,veron.mille@sweeney.com,001-278-222-1699
Gomez,Kevin,Senior Engineer,kevin.gomez@ward-hunt.com,377-374-5898
Lyons,Karl,Senior Engineer,karl.lyons@lara.com,(684)260-7082x3485
Harris,Ryan,Senior Engineer,ryan.harri@smith.org,331.592.8708
Banks,Jeffrey,Senior Engineer,jeffr.banks@myers.com,(369)290-3623x434
Vazquez,Gabriel,Senior Engineer,gabri.vazqu@davis.com,5018351155
Summers,Erin,Senior Engineer,erin.summe@smith.com,+1-866-570-6640x0569
Thomas,Eric,Senior Engineer,eric.thoma@weeks-young.com,+1-458-299-8896x7804
Warner,Danny,Senior Engineer,danny.warne@kramer-ford.info,+1-873-716-1939x521
Kelley,Sarah,Senior Engineer,sarah.kelle@davis.com,(268)523-1548
Mccarty,Nicholas,Senior Engineer,nicho.mccar@green-martinez.com,001-288-285-9531x073
Sanders,Lisa,Senior Engineer,lisa.sande@livingston.com,001-404-842-6185x10653
Garcia,Brett,Senior Engineer,brett.garci@williams.com,+1-651-816-8284
Richardson,Kevin,Junior Engineer ,kevin.richa@adams-williamson.com,665.854.0141
Davis,Patrick,Junior Engineer,patri.davis@hubbard.org,(432)244-7177
Warren,Billy,Junior Engineer,billy.warre@parsons.com,(728)798-0420x77884
Evans,Alyssa,Junior Engineer,alyss.evans@carpenter.com,001-902-691-7414x4633
Evans,Travis,Junior Engineer,travi.evans@perez.net,275.745.3870
Marshall,Elizabeth,Junior Engineer,eliza.marsh@diaz.org,712.901.8326
Miller,Ashley,Junior Engineer,ashle.mille@green-richardson.info,718.840.0998x43069
Stark,Brian,Junior Engineer,brian.stark@bowman.com,+1-795-714-4606x92461
Hendrix,Chad,Junior Engineer,chad.hendr@white-grant.com,982-501-4566
Harris,Brian,Junior Engineer,brian.harri@gonzales.com,(970)327-3079x658
Lewis,Rachel,Junior Engineer,rache.lewis@coleman-wright.com,+1-663-842-9415x1768
Anderson,Brent,Junior Engineer,brent.ander@russell.com,+1-244-415-7541x108
Nelson,Brian,Junior Engineer,brian.nelso@patton-marsh.org,3144490453
Myers,Thomas,Junior Engineer,thoma.myers@erickson.biz,(841)347-2160x96746
Beltran,Jennifer,Junior Engineer,jenni.beltr@banks-martin.com,345.550.4945x94085
Gonzalez,Laura,Junior Engineer,laura.gonza@avila.biz,+1-303-858-4665x81648
Powell,Elaine,Junior Engineer,elain.powel@preston-bridges.com,813.893.1469
Jackson,Mary,Junior Engineer,mary.jacks@barrett.com,+1-743-911-7317x4182
Munoz,Aaron,Junior Engineer,aaron.munoz@garrett.biz,(226)938-0376x02153
Vasquez,Todd,Junior Engineer,todd.vasqu@brown.com,(924)511-3511x9617
Simmons,Thomas,Junior Engineer,thoma.simmo@campos.info,860-725-0125
Mcguire,Cathy,Junior Engineer,cathy.mcgui@mcknight.com,(608)353-1638
Evans,Kevin,Junior Engineer,kevin.evans@miller.com,+1-467-339-8936x177
Gray,Benjamin,Junior Engineer,benja.gray@russell.info,(322)273-2441x77839
Stokes,Kyle,Junior Engineer,kyle.stoke@greene.com,(313)772-4215x4586
Montgomery,Matthew,Junior Engineer,matth.montg@berger.net,001-700-322-9929x03694
Walls,Connie,Junior Engineer,conni.walls@smith.com,+1-314-866-1514x2566
Douglas,Joe,Junior Engineer,joe.dougl@murphy.com,(302)521-8472x709
Atkins,Sarah,Junior Engineer,sarah.atkin@wyatt-koch.com,001-318-639-8720x7640
Crane,Heather,Junior Engineer,heath.crane@hogan-delgado.com,516.830.2736x407
Rios,Michelle,Junior Engineer,miche.rios@russell-parks.net,261.347.3373x75372
Simpson,Dana,Junior Engineer,dana.simps@thompson.com,001-898-787-7352x563
Armstrong,Brian,Junior Engineer,brian.armst@richardson.com,(263)293-8345x5772
Hartman,Taylor,Junior Engineer,taylo.hartm@perry-mitchell.com,341.295.2582x3502
Mitchell,Christine,Junior Engineer,chris.mitch@adams.com,906-555-1308x275
Moore,Eric,Junior Engineer,eric.moore@parker.com,+1-806-336-6625x563
West,Katherine,Junior Engineer,kathe.west@smith.com,358-473-5289
Martinez,Adrienne,Junior Engineer,adrie.marti@kelly.com,001-262-435-0969x6153
Scott,Alan,Junior Engineer,alan.scott@savage-moran.net,2245770121
Tyler,Craig,Junior Engineer,craig.tyler@sanchez.com,(412)411-3060
Williamson,Gina,Tech Lead,gina.willi@nash.com,9485097596
Campos,John,Tech Lead,john.campo@moran-morse.com,(408)600-7824x6209
Shea,Janet,Tech Lead,janet.shea@lawson.com,(967)731-9343x670
Powers,Sharon,Tech Lead,sharo.power@contreras-wilson.com,(964)412-1296x1024
Hale,Andrea,Tech Lead,andre.hale@jackson.biz,216.263.0966x5806
Jones,Daniel,Tech Lead,danie.jones@cortez.biz,+1-287-706-1795x151
Velasquez,Denise,Tech Lead,denis.velas@hale-jones.info,372-275-2335
Ward,Ronald,Tech Lead,ronal.ward@raymond-lewis.com,+1-780-500-5881x39075
Smith,Charles,Tech Lead,charl.smith@fernandez.com,(663)622-3446x041
Fields,Tara,Tech Lead,tara.field@beasley.com,693.830.7806
Cardenas,Jose,Tech Lead,jose.carde@ward.org,(815)782-3906
Ellis,Bailey,Tech Lead,baile.ellis@cox-ayers.com,(440)819-6392
Lopez,Robert,Tech Lead,rober.lopez@ruiz.info,617.252.7792
Phillips,Michael,Tech Lead,micha.phill@romero.com,395-567-1004x48952
Rice,Mark,Tech Lead,mark.rice@skinner.biz,7313653699
Smith,Barbara,Project Manager,barba.smith@owens.biz,(818)203-5311x303
Henry,Paul,Project Manager,paul.henry@johnson.com,(653)943-3202
Riddle,Kathy,Project Manager,kathy.riddl@berg-davis.net,(516)724-0126
Potts,Caitlyn,Project Manager,caitl.potts@powell.com,935-943-3150x64439
Lowery,Jason,Project Manager,jason.lower@forbes.com,+1-297-717-8102x436
Rivera,Michael,Project Manager,micha.river@farmer.org,+1-276-453-9123x55788
Alexander,Heather,Project Manager,heath.alexa@anderson.biz,+1-263-946-9192
Petersen,Ryan,Project Manager,ryan.peter@rodriguez.com,513.457.7207
Anderson,Mary,Project Manager,mary.ander@king-ortiz.net,476-703-6669x0161
Brown,Megan,Project Manager,megan.brown@escobar.com,388.794.6537x489
Rice,Matthew,Project Manager,matth.rice@abbott-armstrong.com,878.862.2388x182
Marquez,Jeffrey,Project Manager,jeffr.marqu@smith.com,(713)577-4257
Richardson,Jerome,Project Manager,jerom.richa@rollins.com,001-661-623-9666x1037
Martinez,Jared,Project Manager,jared.marti@pena.biz,001-358-746-7213
Howard,Paige,Project Manager,paige.howar@schultz.com,+1-531-557-7662x900
